<?xml version="1.0" encoding="UTF-8"?>
<zabbix_export>
    <version>5.0</version>
    <date>2024-10-26T16:44:39Z</date>
    <groups>
        <group>
            <name>ZABBIX</name>
        </group>
    </groups>
    <templates>
        <template>
            <template>TEMPLATE.TM_WINDOWS_BASICO_EXPORT</template>
            <name>TEMPLATE.TM_WINDOWS_BASICO_EXPORT</name>
            <groups>
                <group>
                    <name>ZABBIX</name>
                </group>
            </groups>
            <applications>
                <application>
                    <name>CPU</name>
                </application>
                <application>
                    <name>FILESYSTEMS</name>
                </application>
                <application>
                    <name>GERAL</name>
                </application>
                <application>
                    <name>HOMOL</name>
                </application>
                <application>
                    <name>MEMORY</name>
                </application>
                <application>
                    <name>PROCESSES</name>
                </application>
                <application>
                    <name>SERVICES</name>
                </application>
                <application>
                    <name>TOPIA</name>
                </application>
                <application>
                    <name>ZABBIX AGENT</name>
                </application>
                <application>
                    <name>Zabbix raw items</name>
                </application>
            </applications>
            <items>
                <item>
                    <name>HOSTNAME DO AGENTE ZABBIX</name>
                    <type>ZABBIX_ACTIVE</type>
                    <key>agent.hostname</key>
                    <delay>1d</delay>
                    <history>30d</history>
                    <trends>0</trends>
                    <value_type>CHAR</value_type>
                    <applications>
                        <application>
                            <name>ZABBIX AGENT</name>
                        </application>
                    </applications>
                    <request_method>POST</request_method>
                </item>
                <item>
                    <name>STATUS DO AGENTE ZABBIX</name>
                    <type>ZABBIX_ACTIVE</type>
                    <key>agent.ping</key>
                    <history>30d</history>
                    <trends>180d</trends>
                    <description>The agent always returns 1 for this item. It could be used in combination with nodata() for availability check.</description>
                    <applications>
                        <application>
                            <name>ZABBIX AGENT</name>
                        </application>
                    </applications>
                    <request_method>POST</request_method>
                    <triggers>
                        <trigger>
                            <expression>{nodata({$TIME_AGENTE})}={$COND_AGENTE}</expression>
                            <name>#AGENT.NODATA# AGENTE DO ZABBIX A {$TIME_AGENTE} SEM ENVIAR DADOS</name>
                            <url>https://equinixcsm.service-now.com/nav_to.do?uri=%2Fkb_view.do%3Fsysparm_article%3DKB0011373</url>
                            <priority>HIGH</priority>
                            <tags>
                                <tag>
                                    <tag>Alerta</tag>
                                    <value>#AGENT.NODATA# AGENTE DO ZABBIX</value>
                                </tag>
                                <tag>
                                    <tag>ZABBIX AGENT</tag>
                                </tag>
                            </tags>
                        </trigger>
                    </triggers>
                </item>
                <item>
                    <name>AGENT VARIANT</name>
                    <type>ZABBIX_ACTIVE</type>
                    <key>agent.variant</key>
                    <delay>1d</delay>
                    <history>30d</history>
                    <trends>180d</trends>
                    <description>Supported since Zabbix 5.0.18.</description>
                    <applications>
                        <application>
                            <name>ZABBIX AGENT</name>
                        </application>
                    </applications>
                </item>
                <item>
                    <name>AGENT VERSION</name>
                    <type>ZABBIX_ACTIVE</type>
                    <key>agent.version</key>
                    <history>30d</history>
                    <trends>0</trends>
                    <value_type>CHAR</value_type>
                    <applications>
                        <application>
                            <name>ZABBIX AGENT</name>
                        </application>
                    </applications>
                    <request_method>POST</request_method>
                </item>
                <item>
                    <name>AGENT ZABBIX CHECK</name>
                    <type>DEPENDENT</type>
                    <key>agent.zabbix.check</key>
                    <delay>0</delay>
                    <history>30d</history>
                    <trends>0</trends>
                    <value_type>TEXT</value_type>
                    <applications>
                        <application>
                            <name>ZABBIX AGENT</name>
                        </application>
                    </applications>
                    <preprocessing>
                        <step>
                            <type>JAVASCRIPT</type>
                            <params>x = value[0]+value[1]+value[2];
return x;</params>
                        </step>
                    </preprocessing>
                    <master_item>
                        <key>agent.version</key>
                    </master_item>
                    <triggers>
                        <trigger>
                            <expression>{regexp(5.0)}=0</expression>
                            <name>#REPORT# #AGENT.ZABBIX .STANDARD.VERSION# AGENT IS NOT IN THE STANDARD VERSION - THE VERSION IS {ITEM.LASTVALUE}.</name>
                            <status>DISABLED</status>
                        </trigger>
                    </triggers>
                </item>
                <item>
                    <name>HOMOL - AGENT ZABBIX</name>
                    <type>DEPENDENT</type>
                    <key>agent.zabbix.homol</key>
                    <delay>0</delay>
                    <trends>0</trends>
                    <status>DISABLED</status>
                    <value_type>TEXT</value_type>
                    <applications>
                        <application>
                            <name>HOMOL</name>
                        </application>
                    </applications>
                    <preprocessing>
                        <step>
                            <type>JAVASCRIPT</type>
                            <params>x = value[0];
return x;</params>
                        </step>
                    </preprocessing>
                    <master_item>
                        <key>agent.version</key>
                    </master_item>
                </item>
                <item>
                    <name>LOG SYSTEM REBOOT</name>
                    <type>ZABBIX_ACTIVE</type>
                    <key>eventlog[System,,,,6008,10,skip]</key>
                    <delay>5m</delay>
                    <history>30d</history>
                    <trends>0</trends>
                    <value_type>LOG</value_type>
                    <applications>
                        <application>
                            <name>GERAL</name>
                        </application>
                    </applications>
                </item>
                <item>
                    <name>GUID_Sender</name>
                    <type>TRAP</type>
                    <key>guid.receiver</key>
                    <delay>0</delay>
                    <trends>0</trends>
                    <value_type>TEXT</value_type>
                    <applications>
                        <application>
                            <name>GERAL</name>
                        </application>
                    </applications>
                </item>
                <item>
                    <name>FILE READ BYTES PER SECOND</name>
                    <type>ZABBIX_ACTIVE</type>
                    <key>perf_counter[\2\16]</key>
                    <delay>5m</delay>
                    <history>30d</history>
                    <trends>180d</trends>
                    <value_type>FLOAT</value_type>
                    <units>Bps</units>
                    <description>Full counter name: \System\File Read Bytes/sec</description>
                    <applications>
                        <application>
                            <name>FILESYSTEMS</name>
                        </application>
                    </applications>
                    <request_method>POST</request_method>
                </item>
                <item>
                    <name>FILE WRITE BYTES PER SECOND</name>
                    <type>ZABBIX_ACTIVE</type>
                    <key>perf_counter[\2\18]</key>
                    <delay>5m</delay>
                    <history>30d</history>
                    <trends>180d</trends>
                    <value_type>FLOAT</value_type>
                    <units>Bps</units>
                    <description>Full counter name: \System\File Write Bytes/sec</description>
                    <applications>
                        <application>
                            <name>FILESYSTEMS</name>
                        </application>
                    </applications>
                    <request_method>POST</request_method>
                </item>
                <item>
                    <name>NUMBER OF THREADS</name>
                    <type>ZABBIX_ACTIVE</type>
                    <key>perf_counter[\2\250]</key>
                    <delay>5m</delay>
                    <history>30d</history>
                    <trends>180d</trends>
                    <description>Full counter name: \System\Threads</description>
                    <applications>
                        <application>
                            <name>GERAL</name>
                        </application>
                    </applications>
                    <request_method>POST</request_method>
                </item>
                <item>
                    <name>AVERAGE DISK QUEUE LENGTH [TOTAL]</name>
                    <type>ZABBIX_ACTIVE</type>
                    <key>perf_counter[\234(_Total)\1400]</key>
                    <delay>5m</delay>
                    <history>30d</history>
                    <trends>180d</trends>
                    <value_type>FLOAT</value_type>
                    <description>Full counter name: \PhysicalDisk(_Total)\Avg. Disk Read Queue Length</description>
                    <applications>
                        <application>
                            <name>FILESYSTEMS</name>
                        </application>
                    </applications>
                    <request_method>POST</request_method>
                </item>
                <item>
                    <name>AVERAGE DISK READ QUEUE LENGTH [TOTAL]</name>
                    <type>ZABBIX_ACTIVE</type>
                    <key>perf_counter[\234(_Total)\1402]</key>
                    <delay>5m</delay>
                    <history>30d</history>
                    <trends>180d</trends>
                    <value_type>FLOAT</value_type>
                    <description>Full counter name: \PhysicalDisk(_Total)\Avg. Disk Read Queue Length</description>
                    <applications>
                        <application>
                            <name>FILESYSTEMS</name>
                        </application>
                    </applications>
                    <request_method>POST</request_method>
                </item>
                <item>
                    <name>AVERAGE DISK WRITE QUEUE LENGTH [TOTAL]</name>
                    <type>ZABBIX_ACTIVE</type>
                    <key>perf_counter[\234(_Total)\1404]</key>
                    <delay>5m</delay>
                    <history>30d</history>
                    <trends>180d</trends>
                    <value_type>FLOAT</value_type>
                    <description>Full counter name: \PhysicalDisk(_Total)\Avg. Disk Write Queue Length</description>
                    <applications>
                        <application>
                            <name>FILESYSTEMS</name>
                        </application>
                    </applications>
                    <request_method>POST</request_method>
                </item>
                <item>
                    <name>MEMORIA SWAP EM USO (PORCENTAGEM)</name>
                    <type>ZABBIX_ACTIVE</type>
                    <key>perf_counter[{$CONT_MEM_WIN}]</key>
                    <delay>5m</delay>
                    <history>30d</history>
                    <trends>180d</trends>
                    <value_type>FLOAT</value_type>
                    <units>%</units>
                    <applications>
                        <application>
                            <name>MEMORY</name>
                        </application>
                    </applications>
                    <request_method>POST</request_method>
                </item>
                <item>
                    <name>NUMBER OF PROCESSES</name>
                    <type>ZABBIX_ACTIVE</type>
                    <key>proc.num[]</key>
                    <delay>5m</delay>
                    <history>30d</history>
                    <trends>180d</trends>
                    <applications>
                        <application>
                            <name>PROCESSES</name>
                        </application>
                    </applications>
                    <request_method>POST</request_method>
                </item>
                <item>
                    <name>SERVICE STARTUP: SERVER</name>
                    <type>ZABBIX_ACTIVE</type>
                    <key>service.info[LanmanServer, startup]</key>
                    <delay>5m</delay>
                    <history>30d</history>
                    <trends>180d</trends>
                    <applications>
                        <application>
                            <name>SERVICES</name>
                        </application>
                    </applications>
                    <valuemap>
                        <name>service.info.startup</name>
                    </valuemap>
                    <triggers>
                        <trigger>
                            <expression>{avg(#3)}=3</expression>
                            <name>#AGENT.SERVICE.SERVER.STARTUP#SERVICE STARTUP: SERVER SERVICE DISABLED</name>
                            <priority>WARNING</priority>
                        </trigger>
                    </triggers>
                </item>
                <item>
                    <name>SERVICE STATE: SERVER</name>
                    <type>ZABBIX_ACTIVE</type>
                    <key>service.info[LanmanServer, state]</key>
                    <delay>5m</delay>
                    <history>30d</history>
                    <trends>180d</trends>
                    <applications>
                        <application>
                            <name>SERVICES</name>
                        </application>
                    </applications>
                    <valuemap>
                        <name>Windows service state</name>
                    </valuemap>
                    <triggers>
                        <trigger>
                            <expression>{min(#3)}&gt;{$COND_SERVICE} and {last()}&lt;&gt;255</expression>
                            <name>#AGENT.SERVICE.SERVER.STATUS#SERVICE STATE: SERVER SERVICE</name>
                            <priority>WARNING</priority>
                        </trigger>
                    </triggers>
                </item>
                <item>
                    <name>SERVICE STARTUP: TOPIA</name>
                    <type>ZABBIX_ACTIVE</type>
                    <key>service.info[Topia, startup]</key>
                    <delay>15m</delay>
                    <description>Numerical value of the service startup type:&#13;
0 - Automatic&#13;
1 - Automatic delayed&#13;
2 - Manual&#13;
3 - Disabled&#13;
4 - Unknown</description>
                    <applications>
                        <application>
                            <name>TOPIA</name>
                        </application>
                    </applications>
                    <valuemap>
                        <name>service.info.startup</name>
                    </valuemap>
                </item>
                <item>
                    <name>SERVICE STATE: TOPIA</name>
                    <type>ZABBIX_ACTIVE</type>
                    <key>service.info[Topia, state]</key>
                    <delay>15m</delay>
                    <applications>
                        <application>
                            <name>TOPIA</name>
                        </application>
                    </applications>
                    <valuemap>
                        <name>Windows service state</name>
                    </valuemap>
                </item>
                <item>
                    <name>SERVICE STARTUP: WINDOWS TIME</name>
                    <type>ZABBIX_ACTIVE</type>
                    <key>service.info[W32Time, startup]</key>
                    <delay>5m</delay>
                    <history>30d</history>
                    <trends>180d</trends>
                    <applications>
                        <application>
                            <name>SERVICES</name>
                        </application>
                    </applications>
                    <valuemap>
                        <name>service.info.startup</name>
                    </valuemap>
                    <triggers>
                        <trigger>
                            <expression>{avg(#3)}=3</expression>
                            <name>#AGENT.SERVICE.TIME.STARTUP#SERVICE STARTUP: WINDOWS TIME SERVICE DISABLED</name>
                        </trigger>
                    </triggers>
                </item>
                <item>
                    <name>SERVICE STATE: WINDOWS TIME</name>
                    <type>ZABBIX_ACTIVE</type>
                    <key>service.info[W32Time, state]</key>
                    <delay>5m</delay>
                    <history>30d</history>
                    <trends>180d</trends>
                    <applications>
                        <application>
                            <name>SERVICES</name>
                        </application>
                    </applications>
                    <valuemap>
                        <name>Windows service state</name>
                    </valuemap>
                    <triggers>
                        <trigger>
                            <expression>{min(#3)}&gt;{$COND_SERVICE} and {last()}&lt;&gt;255</expression>
                            <name>#AGENT.SERVICE.TIME.STATUS#SERVICE STATE: WINDOWS TIME SERVICE</name>
                        </trigger>
                    </triggers>
                </item>
                <item>
                    <name>SERVICE STARTUP: WINDOWS UPDATE</name>
                    <type>ZABBIX_ACTIVE</type>
                    <key>service.info[wuauserv, startup]</key>
                    <delay>20m</delay>
                    <history>30d</history>
                    <trends>180d</trends>
                    <applications>
                        <application>
                            <name>SERVICES</name>
                        </application>
                    </applications>
                    <valuemap>
                        <name>service.info.startup</name>
                    </valuemap>
                    <triggers>
                        <trigger>
                            <expression>{avg(#3)}=3</expression>
                            <name>#AGENT.SERVICE.UPDATE.STARTUP#SERVICE STARTUP: WINDOWS UPDATE SERVICE DISABLED</name>
                        </trigger>
                    </triggers>
                </item>
                <item>
                    <name>SERVICE STATE: WINDOWS UPDATE</name>
                    <type>ZABBIX_ACTIVE</type>
                    <key>service.info[wuauserv, state]</key>
                    <delay>5m</delay>
                    <history>30d</history>
                    <trends>180d</trends>
                    <applications>
                        <application>
                            <name>SERVICES</name>
                        </application>
                    </applications>
                    <valuemap>
                        <name>Windows service state</name>
                    </valuemap>
                    <request_method>POST</request_method>
                </item>
                <item>
                    <name>SWAP EM RELAÇAO AO TOTAL DE MEMORIA</name>
                    <type>CALCULATED</type>
                    <key>swap_calc2</key>
                    <delay>5m</delay>
                    <status>DISABLED</status>
                    <value_type>FLOAT</value_type>
                    <units>%</units>
                    <params>100*last(&quot;system.swap.size[,total]&quot;)/last(&quot;vm.memory.size[total]&quot;)</params>
                    <applications>
                        <application>
                            <name>MEMORY</name>
                        </application>
                    </applications>
                </item>
                <item>
                    <name>CPU LOAD AVERAGE (1min)</name>
                    <type>ZABBIX_ACTIVE</type>
                    <key>system.cpu.load[all,avg1]</key>
                    <delay>5m</delay>
                    <history>30d</history>
                    <trends>180d</trends>
                    <value_type>FLOAT</value_type>
                    <description>Original: system.cpu.load[percpu,avg1]</description>
                    <applications>
                        <application>
                            <name>CPU</name>
                        </application>
                    </applications>
                    <request_method>POST</request_method>
                </item>
                <item>
                    <name>CPU LOAD AVERAGE PER CPU (1min)</name>
                    <type>ZABBIX_ACTIVE</type>
                    <key>system.cpu.load[percpu,avg1]</key>
                    <delay>5m</delay>
                    <history>30d</history>
                    <trends>180d</trends>
                    <value_type>FLOAT</value_type>
                    <description>Original: system.cpu.load[percpu,avg15]</description>
                    <applications>
                        <application>
                            <name>CPU</name>
                        </application>
                    </applications>
                </item>
                <item>
                    <name>CONSUMO DE CPU (PORCENTAGEM)</name>
                    <type>ZABBIX_ACTIVE</type>
                    <key>system.cpu.util[,system,]</key>
                    <delay>5m</delay>
                    <history>30d</history>
                    <trends>180d</trends>
                    <value_type>FLOAT</value_type>
                    <units>%</units>
                    <applications>
                        <application>
                            <name>CPU</name>
                        </application>
                    </applications>
                    <request_method>POST</request_method>
                </item>
                <item>
                    <name>HOST LOCAL TIME</name>
                    <type>ZABBIX_ACTIVE</type>
                    <key>system.localtime</key>
                    <delay>5m</delay>
                    <history>30d</history>
                    <trends>180d</trends>
                    <units>unixtime</units>
                    <applications>
                        <application>
                            <name>GERAL</name>
                        </application>
                    </applications>
                    <request_method>POST</request_method>
                </item>
                <item>
                    <name>TOTAL SWAP SPACE</name>
                    <type>ZABBIX_ACTIVE</type>
                    <key>system.swap.size[,total]</key>
                    <delay>1d</delay>
                    <history>30d</history>
                    <trends>180d</trends>
                    <units>B</units>
                    <applications>
                        <application>
                            <name>MEMORY</name>
                        </application>
                    </applications>
                    <request_method>POST</request_method>
                </item>
                <item>
                    <name>VERSAO DO SISTEMA OPERACIONAL</name>
                    <type>ZABBIX_ACTIVE</type>
                    <key>system.uname</key>
                    <delay>1h</delay>
                    <history>1w</history>
                    <trends>0</trends>
                    <value_type>CHAR</value_type>
                    <inventory_link>OS</inventory_link>
                    <applications>
                        <application>
                            <name>GERAL</name>
                        </application>
                    </applications>
                    <request_method>POST</request_method>
                    <triggers>
                        <trigger>
                            <expression>{diff()}=1 and {str(unknown,#2)}=0</expression>
                            <recovery_mode>RECOVERY_EXPRESSION</recovery_mode>
                            <recovery_expression>{diff()}=0</recovery_expression>
                            <name>#AGENT.FILE# ARQUIVO DE CONFIGURACAO DO ZABBIX EM DUPLICIDADE</name>
                            <priority>WARNING</priority>
                            <description>Monitora se ha mais de um host com o mesmo hostname no arquivo conf enviando dados para o mesmo proxy</description>
                        </trigger>
                    </triggers>
                </item>
                <item>
                    <name>SYSTEM UPTIME</name>
                    <type>ZABBIX_ACTIVE</type>
                    <key>system.uptime</key>
                    <history>30d</history>
                    <trends>180d</trends>
                    <units>uptime</units>
                    <applications>
                        <application>
                            <name>GERAL</name>
                        </application>
                    </applications>
                    <request_method>POST</request_method>
                </item>
                <item>
                    <name>MEMÓRIA DISPONÍVEL (BYTES)</name>
                    <type>ZABBIX_ACTIVE</type>
                    <key>vm.memory.size[free]</key>
                    <delay>5m</delay>
                    <history>30d</history>
                    <trends>180d</trends>
                    <units>B</units>
                    <applications>
                        <application>
                            <name>MEMORY</name>
                        </application>
                    </applications>
                    <request_method>POST</request_method>
                </item>
                <item>
                    <name>MEMÓRIA EM USO (PORCENTAGEM)</name>
                    <type>ZABBIX_ACTIVE</type>
                    <key>vm.memory.size[pused]</key>
                    <delay>5m</delay>
                    <history>30d</history>
                    <trends>180d</trends>
                    <value_type>FLOAT</value_type>
                    <units>%</units>
                    <applications>
                        <application>
                            <name>MEMORY</name>
                        </application>
                    </applications>
                    <request_method>POST</request_method>
                </item>
                <item>
                    <name>MEMÓRIA TOTAL</name>
                    <type>ZABBIX_ACTIVE</type>
                    <key>vm.memory.size[total]</key>
                    <delay>1d</delay>
                    <history>30d</history>
                    <trends>180d</trends>
                    <units>B</units>
                    <applications>
                        <application>
                            <name>MEMORY</name>
                        </application>
                    </applications>
                    <request_method>POST</request_method>
                </item>
                <item>
                    <name>Network interfaces WMI get</name>
                    <type>ZABBIX_ACTIVE</type>
                    <key>wmi.getall[root\cimv2,&quot;select Name,Description,NetConnectionID,Speed,AdapterTypeId,NetConnectionStatus from win32_networkadapter where PhysicalAdapter=True and NetConnectionStatus&gt;0&quot;]</key>
                    <trends>0</trends>
                    <value_type>TEXT</value_type>
                    <description>Supported since Zabbix 5.0.18.</description>
                    <applications>
                        <application>
                            <name>Zabbix raw items</name>
                        </application>
                    </applications>
                </item>
                <item>
                    <name>GUID</name>
                    <type>ZABBIX_ACTIVE</type>
                    <key>wmi.get[&quot;root\cimv2&quot;,&quot;select UUID  from Win32_ComputerSystemProduct&quot;]</key>
                    <delay>5m</delay>
                    <history>1d</history>
                    <trends>0</trends>
                    <value_type>TEXT</value_type>
                    <description>Para o Tshoot deste item, rode no powershell do host o comando:&#13;
&#13;
Get-WmiObject Win32_ComputerSystemProduct | Select-Object UUID&#13;
&#13;
E verifique se o valor está batendo com o valor do latest data.&#13;
&#13;
Gabriel Lau 14/08/2024</description>
                    <applications>
                        <application>
                            <name>GERAL</name>
                        </application>
                    </applications>
                </item>
            </items>
            <discovery_rules>
                <discovery_rule>
                    <name>Network interfaces discovery</name>
                    <type>DEPENDENT</type>
                    <key>net.if.discovery</key>
                    <delay>0</delay>
                    <filter>
                        <evaltype>AND</evaltype>
                        <conditions>
                            <condition>
                                <macro>{#IFALIAS}</macro>
                                <value>{$NET.IF.IFALIAS.MATCHES}</value>
                                <formulaid>A</formulaid>
                            </condition>
                            <condition>
                                <macro>{#IFALIAS}</macro>
                                <value>{$NET.IF.IFALIAS.NOT_MATCHES}</value>
                                <operator>NOT_MATCHES_REGEX</operator>
                                <formulaid>B</formulaid>
                            </condition>
                            <condition>
                                <macro>{#IFDESCR}</macro>
                                <value>{$NET.IF.IFDESCR.MATCHES}</value>
                                <formulaid>C</formulaid>
                            </condition>
                            <condition>
                                <macro>{#IFDESCR}</macro>
                                <value>{$NET.IF.IFDESCR.NOT_MATCHES}</value>
                                <operator>NOT_MATCHES_REGEX</operator>
                                <formulaid>D</formulaid>
                            </condition>
                            <condition>
                                <macro>{#IFNAME}</macro>
                                <value>{$NET.IF.IFNAME.MATCHES}</value>
                                <formulaid>E</formulaid>
                            </condition>
                            <condition>
                                <macro>{#IFNAME}</macro>
                                <value>{$NET.IF.IFNAME.NOT_MATCHES}</value>
                                <operator>NOT_MATCHES_REGEX</operator>
                                <formulaid>F</formulaid>
                            </condition>
                        </conditions>
                    </filter>
                    <description>Discovery of installed network interfaces.</description>
                    <item_prototypes>
                        <item_prototype>
                            <name>Interface {#IFNAME}({#IFALIAS}): Inbound packets discarded</name>
                            <type>ZABBIX_ACTIVE</type>
                            <key>net.if.in[&quot;{#IFNAME}&quot;,dropped]</key>
                            <delay>3m</delay>
                            <description>The number of incoming packets dropped on the network interface.</description>
                            <application_prototypes>
                                <application_prototype>
                                    <name>Interface {#IFNAME}({#IFALIAS})</name>
                                </application_prototype>
                            </application_prototypes>
                            <preprocessing>
                                <step>
                                    <type>CHANGE_PER_SECOND</type>
                                    <params/>
                                </step>
                            </preprocessing>
                        </item_prototype>
                        <item_prototype>
                            <name>Interface {#IFNAME}({#IFALIAS}): Inbound packets with errors</name>
                            <type>ZABBIX_ACTIVE</type>
                            <key>net.if.in[&quot;{#IFNAME}&quot;,errors]</key>
                            <delay>3m</delay>
                            <description>The number of incoming packets with errors on the network interface.</description>
                            <application_prototypes>
                                <application_prototype>
                                    <name>Interface {#IFNAME}({#IFALIAS})</name>
                                </application_prototype>
                            </application_prototypes>
                            <preprocessing>
                                <step>
                                    <type>CHANGE_PER_SECOND</type>
                                    <params/>
                                </step>
                            </preprocessing>
                        </item_prototype>
                        <item_prototype>
                            <name>Interface {#IFNAME}({#IFALIAS}): Bits received</name>
                            <type>ZABBIX_ACTIVE</type>
                            <key>net.if.in[&quot;{#IFNAME}&quot;]</key>
                            <delay>3m</delay>
                            <units>bps</units>
                            <application_prototypes>
                                <application_prototype>
                                    <name>Interface {#IFNAME}({#IFALIAS})</name>
                                </application_prototype>
                            </application_prototypes>
                            <preprocessing>
                                <step>
                                    <type>CHANGE_PER_SECOND</type>
                                    <params/>
                                </step>
                                <step>
                                    <type>MULTIPLIER</type>
                                    <params>8</params>
                                </step>
                            </preprocessing>
                        </item_prototype>
                        <item_prototype>
                            <name>Interface {#IFNAME}({#IFALIAS}): Outbound packets discarded</name>
                            <type>ZABBIX_ACTIVE</type>
                            <key>net.if.out[&quot;{#IFNAME}&quot;,dropped]</key>
                            <delay>3m</delay>
                            <description>The number of outgoing packets dropped on the network interface.</description>
                            <application_prototypes>
                                <application_prototype>
                                    <name>Interface {#IFNAME}({#IFALIAS})</name>
                                </application_prototype>
                            </application_prototypes>
                            <preprocessing>
                                <step>
                                    <type>CHANGE_PER_SECOND</type>
                                    <params/>
                                </step>
                            </preprocessing>
                        </item_prototype>
                        <item_prototype>
                            <name>Interface {#IFNAME}({#IFALIAS}): Outbound packets with errors</name>
                            <type>ZABBIX_ACTIVE</type>
                            <key>net.if.out[&quot;{#IFNAME}&quot;,errors]</key>
                            <delay>3m</delay>
                            <description>The number of outgoing packets with errors on the network interface.</description>
                            <application_prototypes>
                                <application_prototype>
                                    <name>Interface {#IFNAME}({#IFALIAS})</name>
                                </application_prototype>
                            </application_prototypes>
                            <preprocessing>
                                <step>
                                    <type>CHANGE_PER_SECOND</type>
                                    <params/>
                                </step>
                            </preprocessing>
                        </item_prototype>
                        <item_prototype>
                            <name>Interface {#IFNAME}({#IFALIAS}): Bits sent</name>
                            <type>ZABBIX_ACTIVE</type>
                            <key>net.if.out[&quot;{#IFNAME}&quot;]</key>
                            <delay>3m</delay>
                            <units>bps</units>
                            <description>Outgoing traffic on the network interface.</description>
                            <application_prototypes>
                                <application_prototype>
                                    <name>Interface {#IFNAME}({#IFALIAS})</name>
                                </application_prototype>
                            </application_prototypes>
                            <preprocessing>
                                <step>
                                    <type>CHANGE_PER_SECOND</type>
                                    <params/>
                                </step>
                                <step>
                                    <type>MULTIPLIER</type>
                                    <params>8</params>
                                </step>
                            </preprocessing>
                        </item_prototype>
                        <item_prototype>
                            <name>Interface {#IFNAME}({#IFALIAS}): Speed</name>
                            <type>DEPENDENT</type>
                            <key>net.if.speed[&quot;{#IFNAME}&quot;]</key>
                            <delay>0</delay>
                            <trends>0</trends>
                            <units>bps</units>
                            <description>Estimated bandwidth of the network interface if any.</description>
                            <application_prototypes>
                                <application_prototype>
                                    <name>Interface {#IFNAME}({#IFALIAS})</name>
                                </application_prototype>
                            </application_prototypes>
                            <preprocessing>
                                <step>
                                    <type>JSONPATH</type>
                                    <params>$[?(@.Name == &quot;{#IFNAME}&quot;)].Speed.first()</params>
                                    <error_handler>CUSTOM_VALUE</error_handler>
                                    <error_handler_params>0</error_handler_params>
                                </step>
                                <step>
                                    <type>JAVASCRIPT</type>
                                    <params>return (value=='9223372036854775807' ? 0 : value)
</params>
                                </step>
                            </preprocessing>
                            <master_item>
                                <key>wmi.getall[root\cimv2,&quot;select Name,Description,NetConnectionID,Speed,AdapterTypeId,NetConnectionStatus from win32_networkadapter where PhysicalAdapter=True and NetConnectionStatus&gt;0&quot;]</key>
                            </master_item>
                        </item_prototype>
                        <item_prototype>
                            <name>Interface {#IFNAME}({#IFALIAS}): Operational status</name>
                            <type>DEPENDENT</type>
                            <key>net.if.status[&quot;{#IFNAME}&quot;]</key>
                            <delay>0</delay>
                            <trends>0</trends>
                            <description>The operational status of the network interface.</description>
                            <application_prototypes>
                                <application_prototype>
                                    <name>Interface {#IFNAME}({#IFALIAS})</name>
                                </application_prototype>
                            </application_prototypes>
                            <valuemap>
                                <name>Win32_NetworkAdapter::NetConnectionStatus</name>
                            </valuemap>
                            <preprocessing>
                                <step>
                                    <type>JSONPATH</type>
                                    <params>$[?(@.Name == &quot;{#IFNAME}&quot;)].NetConnectionStatus.first()</params>
                                </step>
                            </preprocessing>
                            <master_item>
                                <key>wmi.getall[root\cimv2,&quot;select Name,Description,NetConnectionID,Speed,AdapterTypeId,NetConnectionStatus from win32_networkadapter where PhysicalAdapter=True and NetConnectionStatus&gt;0&quot;]</key>
                            </master_item>
                            <trigger_prototypes>
                                <trigger_prototype>
                                    <expression>{$IFCONTROL:&quot;{#IFNAME}&quot;}=1 and {last()}&lt;&gt;2 and {diff()}=1</expression>
                                    <name>Interface {#IFNAME}({#IFALIAS}): Link down</name>
                                    <opdata>Current state: {ITEM.LASTVALUE1}</opdata>
                                    <priority>AVERAGE</priority>
                                    <description>This trigger expression works as follows:&#13;
1. Can be triggered if operations status is down.&#13;
2. {$IFCONTROL:\&quot;{#IFNAME}\&quot;}=1 - user can redefine Context macro to value - 0. That marks this interface as not important.&#13;
    No new trigger will be fired if this interface is down.&#13;
3. {TEMPLATE_NAME:METRIC.diff()}=1) - trigger fires only if operational status is different from Connected(2).&#13;
&#13;
WARNING: if closed manually - won't fire again on next poll, because of .diff.</description>
                                </trigger_prototype>
                            </trigger_prototypes>
                        </item_prototype>
                        <item_prototype>
                            <name>Interface {#IFNAME}({#IFALIAS}): Interface type</name>
                            <type>DEPENDENT</type>
                            <key>net.if.type[&quot;{#IFNAME}&quot;]</key>
                            <delay>0</delay>
                            <valuemap>
                                <name>Win32_NetworkAdapter::AdapterTypeId</name>
                            </valuemap>
                            <preprocessing>
                                <step>
                                    <type>JSONPATH</type>
                                    <params>$[?(@.Name == &quot;{#IFNAME}&quot;)].AdapterTypeId.first()</params>
                                </step>
                            </preprocessing>
                            <master_item>
                                <key>wmi.getall[root\cimv2,&quot;select Name,Description,NetConnectionID,Speed,AdapterTypeId,NetConnectionStatus from win32_networkadapter where PhysicalAdapter=True and NetConnectionStatus&gt;0&quot;]</key>
                            </master_item>
                        </item_prototype>
                    </item_prototypes>
                    <trigger_prototypes>
                        <trigger_prototype>
                            <expression>{TEMPLATE.TM_WINDOWS_BASICO_EXPORT:net.if.speed[&quot;{#IFNAME}&quot;].change()}&lt;0 and {TEMPLATE.TM_WINDOWS_BASICO_EXPORT:net.if.speed[&quot;{#IFNAME}&quot;].last()}&gt;0&#13;
and (&#13;
{TEMPLATE.TM_WINDOWS_BASICO_EXPORT:net.if.type[&quot;{#IFNAME}&quot;].last()}=6 or&#13;
{TEMPLATE.TM_WINDOWS_BASICO_EXPORT:net.if.type[&quot;{#IFNAME}&quot;].last()}=7 or&#13;
{TEMPLATE.TM_WINDOWS_BASICO_EXPORT:net.if.type[&quot;{#IFNAME}&quot;].last()}=11 or&#13;
{TEMPLATE.TM_WINDOWS_BASICO_EXPORT:net.if.type[&quot;{#IFNAME}&quot;].last()}=62 or&#13;
{TEMPLATE.TM_WINDOWS_BASICO_EXPORT:net.if.type[&quot;{#IFNAME}&quot;].last()}=69 or&#13;
{TEMPLATE.TM_WINDOWS_BASICO_EXPORT:net.if.type[&quot;{#IFNAME}&quot;].last()}=117&#13;
)&#13;
and&#13;
({TEMPLATE.TM_WINDOWS_BASICO_EXPORT:net.if.status[&quot;{#IFNAME}&quot;].last()}&lt;&gt;2)</expression>
                            <recovery_mode>RECOVERY_EXPRESSION</recovery_mode>
                            <recovery_expression>({TEMPLATE.TM_WINDOWS_BASICO_EXPORT:net.if.speed[&quot;{#IFNAME}&quot;].change()}&gt;0 and {TEMPLATE.TM_WINDOWS_BASICO_EXPORT:net.if.speed[&quot;{#IFNAME}&quot;].prev()}&gt;0) or&#13;
({TEMPLATE.TM_WINDOWS_BASICO_EXPORT:net.if.status[&quot;{#IFNAME}&quot;].last()}=2)</recovery_expression>
                            <name>Interface {#IFNAME}({#IFALIAS}): Ethernet has changed to lower speed than it was before</name>
                            <opdata>Current reported speed: {ITEM.LASTVALUE1}</opdata>
                            <status>DISABLED</status>
                            <discover>NO_DISCOVER</discover>
                            <priority>INFO</priority>
                            <description>This Ethernet connection has transitioned down from its known maximum speed. This might be a sign of autonegotiation issues. Ack to close.</description>
                            <dependencies>
                                <dependency>
                                    <name>Interface {#IFNAME}({#IFALIAS}): Link down</name>
                                    <expression>{$IFCONTROL:&quot;{#IFNAME}&quot;}=1 and {TEMPLATE.TM_WINDOWS_BASICO_EXPORT:net.if.status[&quot;{#IFNAME}&quot;].last()}&lt;&gt;2 and {TEMPLATE.TM_WINDOWS_BASICO_EXPORT:net.if.status[&quot;{#IFNAME}&quot;].diff()}=1</expression>
                                </dependency>
                            </dependencies>
                        </trigger_prototype>
                        <trigger_prototype>
                            <expression>({TEMPLATE.TM_WINDOWS_BASICO_EXPORT:net.if.in[&quot;{#IFNAME}&quot;].avg(15m)}&gt;({$IF.UTIL.MAX:&quot;{#IFNAME}&quot;}/100)*{TEMPLATE.TM_WINDOWS_BASICO_EXPORT:net.if.speed[&quot;{#IFNAME}&quot;].last()} or&#13;
{TEMPLATE.TM_WINDOWS_BASICO_EXPORT:net.if.out[&quot;{#IFNAME}&quot;].avg(15m)}&gt;({$IF.UTIL.MAX:&quot;{#IFNAME}&quot;}/100)*{TEMPLATE.TM_WINDOWS_BASICO_EXPORT:net.if.speed[&quot;{#IFNAME}&quot;].last()}) and&#13;
{TEMPLATE.TM_WINDOWS_BASICO_EXPORT:net.if.speed[&quot;{#IFNAME}&quot;].last()}&gt;0</expression>
                            <recovery_mode>RECOVERY_EXPRESSION</recovery_mode>
                            <recovery_expression>{TEMPLATE.TM_WINDOWS_BASICO_EXPORT:net.if.in[&quot;{#IFNAME}&quot;].avg(15m)}&lt;(({$IF.UTIL.MAX:&quot;{#IFNAME}&quot;}-3)/100)*{TEMPLATE.TM_WINDOWS_BASICO_EXPORT:net.if.speed[&quot;{#IFNAME}&quot;].last()} and&#13;
{TEMPLATE.TM_WINDOWS_BASICO_EXPORT:net.if.out[&quot;{#IFNAME}&quot;].avg(15m)}&lt;(({$IF.UTIL.MAX:&quot;{#IFNAME}&quot;}-3)/100)*{TEMPLATE.TM_WINDOWS_BASICO_EXPORT:net.if.speed[&quot;{#IFNAME}&quot;].last()}</recovery_expression>
                            <name>Interface {#IFNAME}({#IFALIAS}): High bandwidth usage ( &gt; {$IF.UTIL.MAX:&quot;{#IFNAME}&quot;}% )</name>
                            <opdata>In: {ITEM.LASTVALUE1}, out: {ITEM.LASTVALUE3}, speed: {ITEM.LASTVALUE2}</opdata>
                            <status>DISABLED</status>
                            <discover>NO_DISCOVER</discover>
                            <priority>WARNING</priority>
                            <description>The network interface utilization is close to its estimated maximum bandwidth.</description>
                            <dependencies>
                                <dependency>
                                    <name>Interface {#IFNAME}({#IFALIAS}): Link down</name>
                                    <expression>{$IFCONTROL:&quot;{#IFNAME}&quot;}=1 and {TEMPLATE.TM_WINDOWS_BASICO_EXPORT:net.if.status[&quot;{#IFNAME}&quot;].last()}&lt;&gt;2 and {TEMPLATE.TM_WINDOWS_BASICO_EXPORT:net.if.status[&quot;{#IFNAME}&quot;].diff()}=1</expression>
                                </dependency>
                            </dependencies>
                        </trigger_prototype>
                        <trigger_prototype>
                            <expression>{TEMPLATE.TM_WINDOWS_BASICO_EXPORT:net.if.in[&quot;{#IFNAME}&quot;,errors].min(5m)}&gt;{$IF.ERRORS.WARN:&quot;{#IFNAME}&quot;} or {TEMPLATE.TM_WINDOWS_BASICO_EXPORT:net.if.out[&quot;{#IFNAME}&quot;,errors].min(5m)}&gt;{$IF.ERRORS.WARN:&quot;{#IFNAME}&quot;}</expression>
                            <recovery_mode>RECOVERY_EXPRESSION</recovery_mode>
                            <recovery_expression>{TEMPLATE.TM_WINDOWS_BASICO_EXPORT:net.if.in[&quot;{#IFNAME}&quot;,errors].max(5m)}&lt;{$IF.ERRORS.WARN:&quot;{#IFNAME}&quot;}*0.8&#13;
and {TEMPLATE.TM_WINDOWS_BASICO_EXPORT:net.if.out[&quot;{#IFNAME}&quot;,errors].max(5m)}&lt;{$IF.ERRORS.WARN:&quot;{#IFNAME}&quot;}*0.8</recovery_expression>
                            <name>Interface {#IFNAME}({#IFALIAS}): High error rate ( &gt; {$IF.ERRORS.WARN:&quot;{#IFNAME}&quot;} for 5m)</name>
                            <opdata>errors in: {ITEM.LASTVALUE1}, errors out: {ITEM.LASTVALUE2}</opdata>
                            <status>DISABLED</status>
                            <discover>NO_DISCOVER</discover>
                            <priority>WARNING</priority>
                            <description>Recovers when below 80% of {$IF.ERRORS.WARN:&quot;{#IFNAME}&quot;} threshold</description>
                            <dependencies>
                                <dependency>
                                    <name>Interface {#IFNAME}({#IFALIAS}): Link down</name>
                                    <expression>{$IFCONTROL:&quot;{#IFNAME}&quot;}=1 and {TEMPLATE.TM_WINDOWS_BASICO_EXPORT:net.if.status[&quot;{#IFNAME}&quot;].last()}&lt;&gt;2 and {TEMPLATE.TM_WINDOWS_BASICO_EXPORT:net.if.status[&quot;{#IFNAME}&quot;].diff()}=1</expression>
                                </dependency>
                            </dependencies>
                        </trigger_prototype>
                    </trigger_prototypes>
                    <master_item>
                        <key>wmi.getall[root\cimv2,&quot;select Name,Description,NetConnectionID,Speed,AdapterTypeId,NetConnectionStatus from win32_networkadapter where PhysicalAdapter=True and NetConnectionStatus&gt;0&quot;]</key>
                    </master_item>
                    <preprocessing>
                        <step>
                            <type>JAVASCRIPT</type>
                            <params>output = JSON.parse(value).map(function(net){
    return {
        &quot;{#IFNAME}&quot;: net.Name,
        &quot;{#IFDESCR}&quot;: net.Description,
        &quot;{#IFALIAS}&quot; : net.NetConnectionID
    }})
return JSON.stringify({&quot;data&quot;: output})</params>
                        </step>
                        <step>
                            <type>DISCARD_UNCHANGED_HEARTBEAT</type>
                            <params>1h</params>
                        </step>
                    </preprocessing>
                </discovery_rule>
                <discovery_rule>
                    <name>FILESYSTEM DISCOVERY</name>
                    <type>ZABBIX_ACTIVE</type>
                    <key>vfs.fs.discovery</key>
                    <delay>3h</delay>
                    <filter>
                        <conditions>
                            <condition>
                                <macro>{#FSTYPE}</macro>
                                <value>@File systems for discovery</value>
                                <formulaid>A</formulaid>
                            </condition>
                        </conditions>
                    </filter>
                    <lifetime>0</lifetime>
                    <description>Discovery of file systems of different types as defined in global regular expression &quot;File systems for discovery&quot;.</description>
                    <item_prototypes>
                        <item_prototype>
                            <name>ESPACO LIVRE NO DISCO {#FSNAME} (PORCENTAGEM)</name>
                            <type>ZABBIX_ACTIVE</type>
                            <key>vfs.fs.size[{#FSNAME},pfree]</key>
                            <delay>5m</delay>
                            <history>30d</history>
                            <trends>180d</trends>
                            <value_type>FLOAT</value_type>
                            <units>%</units>
                            <applications>
                                <application>
                                    <name>FILESYSTEMS</name>
                                </application>
                            </applications>
                            <request_method>POST</request_method>
                            <trigger_prototypes>
                                <trigger_prototype>
                                    <expression>{max({$TIME_DISCO})}&lt;{$FSCOND: &quot;{#FSNAME}&quot; }</expression>
                                    <recovery_mode>RECOVERY_EXPRESSION</recovery_mode>
                                    <recovery_expression>{max({$TIME_DISCO})}&gt;{$FSCOND_REARM: &quot;{#FSNAME}&quot;}</recovery_expression>
                                    <name>#AGENT.DISK.SIZE.PERCENTAGE.FREE# ESPACO LIVRE NO DISCO {#FSNAME} ABAIXO DE {$FSCOND: &quot;{#FSNAME}&quot; }%</name>
                                    <priority>WARNING</priority>
                                </trigger_prototype>
                            </trigger_prototypes>
                        </item_prototype>
                        <item_prototype>
                            <name>ESPACO TOTAL NO DISCO $1</name>
                            <type>ZABBIX_ACTIVE</type>
                            <key>vfs.fs.size[{#FSNAME},total]</key>
                            <delay>1d</delay>
                            <history>30d</history>
                            <trends>180d</trends>
                            <units>B</units>
                            <applications>
                                <application>
                                    <name>FILESYSTEMS</name>
                                </application>
                            </applications>
                            <request_method>POST</request_method>
                        </item_prototype>
                    </item_prototypes>
                    <graph_prototypes>
                        <graph_prototype>
                            <name>Disk space usage {#FSNAME}</name>
                            <width>600</width>
                            <height>340</height>
                            <yaxismax>0</yaxismax>
                            <show_work_period>NO</show_work_period>
                            <show_triggers>NO</show_triggers>
                            <type>PIE</type>
                            <show_3d>YES</show_3d>
                            <graph_items>
                                <graph_item>
                                    <color>C80000</color>
                                    <calc_fnc>LAST</calc_fnc>
                                    <type>GRAPH_SUM</type>
                                    <item>
                                        <host>TEMPLATE.TM_WINDOWS_BASICO_EXPORT</host>
                                        <key>vfs.fs.size[{#FSNAME},total]</key>
                                    </item>
                                </graph_item>
                                <graph_item>
                                    <sortorder>1</sortorder>
                                    <color>00C800</color>
                                    <calc_fnc>LAST</calc_fnc>
                                    <item>
                                        <host>TEMPLATE.TM_WINDOWS_BASICO_EXPORT</host>
                                        <key>vfs.fs.size[{#FSNAME},pfree]</key>
                                    </item>
                                </graph_item>
                            </graph_items>
                        </graph_prototype>
                    </graph_prototypes>
                    <request_method>POST</request_method>
                </discovery_rule>
            </discovery_rules>
            <macros>
                <macro>
                    <macro>{$COND_AGENTE}</macro>
                    <value>1</value>
                </macro>
                <macro>
                    <macro>{$COND_CPUPERCPU_LOAD}</macro>
                    <value>15</value>
                </macro>
                <macro>
                    <macro>{$COND_CPUPERCPU_UTIL}</macro>
                    <value>90</value>
                </macro>
                <macro>
                    <macro>{$COND_MEM}</macro>
                    <value>90</value>
                </macro>
                <macro>
                    <macro>{$COND_MEM_USO}</macro>
                    <value>95</value>
                </macro>
                <macro>
                    <macro>{$COND_SERVICE}</macro>
                    <value>0</value>
                </macro>
                <macro>
                    <macro>{$COND_SWAP_USO}</macro>
                    <value>70</value>
                </macro>
                <macro>
                    <macro>{$COND_UPTIME}</macro>
                    <value>15m</value>
                </macro>
                <macro>
                    <macro>{$CSR_MANAGEMENT}</macro>
                    <value>gt</value>
                </macro>
                <macro>
                    <macro>{$CSR_PRODUCT}</macro>
                    <value>zabbix_agent</value>
                </macro>
                <macro>
                    <macro>{$CSR_SO}</macro>
                    <value>windows</value>
                </macro>
                <macro>
                    <macro>{$FSCOND}</macro>
                    <value>10</value>
                </macro>
                <macro>
                    <macro>{$IF.ERRORS.WARN}</macro>
                    <value>2</value>
                </macro>
                <macro>
                    <macro>{$IF.UTIL.MAX}</macro>
                    <value>90</value>
                </macro>
                <macro>
                    <macro>{$IFCONTROL}</macro>
                    <value>1</value>
                </macro>
                <macro>
                    <macro>{$NET.IF.IFALIAS.MATCHES}</macro>
                    <value>.*</value>
                    <description>This macro is used in Network interface discovery. Can be overridden on the host or linked template level.</description>
                </macro>
                <macro>
                    <macro>{$NET.IF.IFALIAS.NOT_MATCHES}</macro>
                    <value>CHANGE_THIS</value>
                    <description>This macro is used in Network interface discovery. Can be overridden on the host or linked template level.</description>
                </macro>
                <macro>
                    <macro>{$NET.IF.IFDESCR.MATCHES}</macro>
                    <value>.*</value>
                    <description>This macro is used in Network interface discovery. Can be overridden on the host or linked template level.</description>
                </macro>
                <macro>
                    <macro>{$NET.IF.IFDESCR.NOT_MATCHES}</macro>
                    <value>CHANGE_THIS</value>
                    <description>This macro is used in Network interface discovery. Can be overridden on the host or linked template level.</description>
                </macro>
                <macro>
                    <macro>{$NET.IF.IFNAME.MATCHES}</macro>
                    <value>.*</value>
                    <description>This macro is used in Network interface discovery. Can be overridden on the host or linked template level.</description>
                </macro>
                <macro>
                    <macro>{$NET.IF.IFNAME.NOT_MATCHES}</macro>
                    <value>Miniport|Virtual|Teredo|Kernel|Loopback|Bluetooth|HTTPS|6to4|QoS|Layer</value>
                    <description>This macro is used in Network interface discovery. Can be overridden on the host or linked template level.</description>
                </macro>
                <macro>
                    <macro>{$SWAP_RELACIONAL}</macro>
                    <value>150</value>
                </macro>
                <macro>
                    <macro>{$TIME_AGENTE}</macro>
                    <value>10m</value>
                </macro>
                <macro>
                    <macro>{$TIME_CPUPERCPU}</macro>
                    <value>15m</value>
                </macro>
                <macro>
                    <macro>{$TIME_DISCO}</macro>
                    <value>#1</value>
                </macro>
            </macros>
        </template>
    </templates>
    <triggers>
        <trigger>
            <expression>{TEMPLATE.TM_WINDOWS_BASICO_EXPORT:system.cpu.util[,system,].min({$TIME_CPUPERCPU})}&gt;{$COND_CPUPERCPU_UTIL} and {TEMPLATE.TM_WINDOWS_BASICO_EXPORT:system.cpu.load[percpu,avg1].min({$TIME_CPUPERCPU})}&gt;{$COND_CPUPERCPU_LOAD}</expression>
            <name>#AGENT.CPU.PERCENTAGE.USAGE# ALTA UTILIZAÇAO DE CPU - KB0016164</name>
            <priority>WARNING</priority>
            <description>UTILIZAÇÂO  ACIMA DE 90% E LOAD ACIMA DE 15</description>
            <tags>
                <tag>
                    <tag>CPU</tag>
                    <value>Windows</value>
                </tag>
                <tag>
                    <tag>Level</tag>
                    <value>Basic</value>
                </tag>
                <tag>
                    <tag>Model</tag>
                    <value>TM</value>
                </tag>
                <tag>
                    <tag>OS</tag>
                    <value>Windows</value>
                </tag>
            </tags>
        </trigger>
        <trigger>
            <expression>{TEMPLATE.TM_WINDOWS_BASICO_EXPORT:perf_counter[{$CONT_MEM_WIN}].min(#2)}&gt;{$COND_SWAP_USO} and {TEMPLATE.TM_WINDOWS_BASICO_EXPORT:vm.memory.size[pused].min(#2)}&gt;{$COND_MEM_USO}</expression>
            <recovery_mode>RECOVERY_EXPRESSION</recovery_mode>
            <recovery_expression>({TEMPLATE.TM_WINDOWS_BASICO_EXPORT:vm.memory.size[total].last()}&lt;10G and {TEMPLATE.TM_WINDOWS_BASICO_EXPORT:system.swap.size[,total].last()}&gt;=(({TEMPLATE.TM_WINDOWS_BASICO_EXPORT:vm.memory.size[total].last()}*1.5) + 128M) or&#13;
{TEMPLATE.TM_WINDOWS_BASICO_EXPORT:vm.memory.size[total].last()}&gt;10G and&#13;
{TEMPLATE.TM_WINDOWS_BASICO_EXPORT:vm.memory.size[total].last()}&lt;32G and {TEMPLATE.TM_WINDOWS_BASICO_EXPORT:system.swap.size[,total].last()}&gt;=({TEMPLATE.TM_WINDOWS_BASICO_EXPORT:vm.memory.size[total].last()}+128M) or&#13;
{TEMPLATE.TM_WINDOWS_BASICO_EXPORT:vm.memory.size[total].last()}&gt;32G and&#13;
{TEMPLATE.TM_WINDOWS_BASICO_EXPORT:system.swap.size[,total].last()}&gt;=32896M) and {TEMPLATE.TM_WINDOWS_BASICO_EXPORT:perf_counter[{$CONT_MEM_WIN}].min(#2)}&lt;70 and {TEMPLATE.TM_WINDOWS_BASICO_EXPORT:vm.memory.size[pused].min(#2)}&lt;90</recovery_expression>
            <name>#AGENT.MEMORY.SWAP.PERCENTAGE.USAGE# ALTA UTILIZACAO DE MEMORIA E SWAP - KB0012355</name>
            <url>https://equinixcsm.service-now.com/kb_knowledge.do?sys_id=32823f151bc47810a62b20622a4bcb39&amp;sysparm_record_target=kb_knowledge&amp;sysparm_record_row=1&amp;sysparm_record_rows=2&amp;sysparm_record_list=short_descriptionCONTAINSSWAP%5Ekb_knowledge_base.u_countryINBR%5E</url>
            <priority>WARNING</priority>
            <tags>
                <tag>
                    <tag>Level</tag>
                    <value>Basic</value>
                </tag>
                <tag>
                    <tag>Model</tag>
                    <value>TM</value>
                </tag>
                <tag>
                    <tag>OS</tag>
                    <value>Windows</value>
                </tag>
                <tag>
                    <tag>SWAP</tag>
                    <value>Windows</value>
                </tag>
            </tags>
        </trigger>
        <trigger>
            <expression>{TRIGGER.VALUE}=0 and {TEMPLATE.TM_WINDOWS_BASICO_EXPORT:system.uptime.last(0)}&lt;{$COND_UPTIME} and {TEMPLATE.TM_WINDOWS_BASICO_EXPORT:eventlog[System,,,,6008,10,skip].str(unexpected,10m)}=1 or {TRIGGER.VALUE}=1 and {TEMPLATE.TM_WINDOWS_BASICO_EXPORT:eventlog[System,,,,6008,10,skip].nodata(10m)}=0</expression>
            <name>#AGENT.REBOOT# EQUIPAMENTO PASSOU POR UM REBOOT INESPERADO</name>
            <priority>WARNING</priority>
            <description>Monitora se o Uptime do servidor é inferior a 10 minutos e se o Eventlog retornou a string unexpected nos ultimos 10min</description>
            <tags>
                <tag>
                    <tag>REBOOT</tag>
                    <value>WIndows</value>
                </tag>
            </tags>
        </trigger>
        <trigger>
            <expression>{TEMPLATE.TM_WINDOWS_BASICO_EXPORT:system.uname.str(&quot;2000&quot;)}=1 and {TEMPLATE.TM_WINDOWS_BASICO_EXPORT:system.localtime.date()}&gt;1120100460</expression>
            <name>#HOMOL# TM - END LIFE CYCLE - Windows 2000</name>
        </trigger>
        <trigger>
            <expression>{TEMPLATE.TM_WINDOWS_BASICO_EXPORT:system.uname.str(&quot;2000&quot;)}=1 and {TEMPLATE.TM_WINDOWS_BASICO_EXPORT:system.localtime.date()}&gt;1120100460</expression>
            <name>END LIFE CYCLE - Windows 2000</name>
        </trigger>
        <trigger>
            <expression>{TEMPLATE.TM_WINDOWS_BASICO_EXPORT:system.uname.str(&quot;2012&quot;)}=1 and {TEMPLATE.TM_WINDOWS_BASICO_EXPORT:system.localtime.date()}&gt;1539054060</expression>
            <name>END LIFE CYCLE - Windows 2012</name>
        </trigger>
        <trigger>
            <expression>{TEMPLATE.TM_WINDOWS_BASICO_EXPORT:system.uname.str(&quot;2000&quot;)}=1 and {TEMPLATE.TM_WINDOWS_BASICO_EXPORT:system.localtime.date()}&gt;1120100460</expression>
            <name>TM - END LIFE CYCLE - Windows 2000</name>
        </trigger>
    </triggers>
    <graphs>
        <graph>
            <name>CONSUMO DE CPU (PORCENTAGEM)</name>
            <graph_items>
                <graph_item>
                    <drawtype>GRADIENT_LINE</drawtype>
                    <color>DD0000</color>
                    <item>
                        <host>TEMPLATE.TM_WINDOWS_BASICO_EXPORT</host>
                        <key>system.cpu.util[,system,]</key>
                    </item>
                </graph_item>
            </graph_items>
        </graph>
        <graph>
            <name>CPU load</name>
            <ymin_type_1>FIXED</ymin_type_1>
            <graph_items>
                <graph_item>
                    <color>009900</color>
                    <item>
                        <host>TEMPLATE.TM_WINDOWS_BASICO_EXPORT</host>
                        <key>system.cpu.load[all,avg1]</key>
                    </item>
                </graph_item>
            </graph_items>
        </graph>
        <graph>
            <name>MEMÓRIA DISPONÍVEL</name>
            <ymin_type_1>FIXED</ymin_type_1>
            <ymax_type_1>ITEM</ymax_type_1>
            <ymax_item_1>
                <host>TEMPLATE.TM_WINDOWS_BASICO_EXPORT</host>
                <key>vm.memory.size[total]</key>
            </ymax_item_1>
            <graph_items>
                <graph_item>
                    <drawtype>GRADIENT_LINE</drawtype>
                    <color>00C800</color>
                    <calc_fnc>ALL</calc_fnc>
                    <item>
                        <host>TEMPLATE.TM_WINDOWS_BASICO_EXPORT</host>
                        <key>vm.memory.size[free]</key>
                    </item>
                </graph_item>
            </graph_items>
        </graph>
        <graph>
            <name>MEMÓRIA EM USO (PORCENTAGEM)</name>
            <graph_items>
                <graph_item>
                    <drawtype>GRADIENT_LINE</drawtype>
                    <color>DD0000</color>
                    <item>
                        <host>TEMPLATE.TM_WINDOWS_BASICO_EXPORT</host>
                        <key>vm.memory.size[pused]</key>
                    </item>
                </graph_item>
            </graph_items>
        </graph>
    </graphs>
    <value_maps>
        <value_map>
            <name>service.info.startup</name>
            <mappings>
                <mapping>
                    <value>0</value>
                    <newvalue>automatic</newvalue>
                </mapping>
                <mapping>
                    <value>1</value>
                    <newvalue>automatic delayed</newvalue>
                </mapping>
                <mapping>
                    <value>2</value>
                    <newvalue>manual</newvalue>
                </mapping>
                <mapping>
                    <value>3</value>
                    <newvalue>disabled</newvalue>
                </mapping>
                <mapping>
                    <value>4</value>
                    <newvalue>unknown</newvalue>
                </mapping>
                <mapping>
                    <value>5</value>
                    <newvalue>automatic trigger start</newvalue>
                </mapping>
                <mapping>
                    <value>6</value>
                    <newvalue>automatic delayed trigger start</newvalue>
                </mapping>
                <mapping>
                    <value>7</value>
                    <newvalue>manual trigger start</newvalue>
                </mapping>
            </mappings>
        </value_map>
        <value_map>
            <name>Win32_NetworkAdapter::AdapterTypeId</name>
            <mappings>
                <mapping>
                    <value>0</value>
                    <newvalue>Ethernet 802.3</newvalue>
                </mapping>
                <mapping>
                    <value>1</value>
                    <newvalue>Token Ring 802.5</newvalue>
                </mapping>
                <mapping>
                    <value>2</value>
                    <newvalue>Fiber Distributed Data Interface (FDDI)</newvalue>
                </mapping>
                <mapping>
                    <value>3</value>
                    <newvalue>Wide Area Network (WAN)</newvalue>
                </mapping>
                <mapping>
                    <value>4</value>
                    <newvalue>LocalTalk</newvalue>
                </mapping>
                <mapping>
                    <value>5</value>
                    <newvalue>Ethernet using DIX header format</newvalue>
                </mapping>
                <mapping>
                    <value>6</value>
                    <newvalue>ARCNET</newvalue>
                </mapping>
                <mapping>
                    <value>7</value>
                    <newvalue>ARCNET (878.2)</newvalue>
                </mapping>
                <mapping>
                    <value>8</value>
                    <newvalue>ATM</newvalue>
                </mapping>
                <mapping>
                    <value>9</value>
                    <newvalue>Wireless</newvalue>
                </mapping>
                <mapping>
                    <value>10</value>
                    <newvalue>Infrared Wireless</newvalue>
                </mapping>
                <mapping>
                    <value>11</value>
                    <newvalue>Bpc</newvalue>
                </mapping>
                <mapping>
                    <value>12</value>
                    <newvalue>CoWan</newvalue>
                </mapping>
                <mapping>
                    <value>13</value>
                    <newvalue>1394</newvalue>
                </mapping>
            </mappings>
        </value_map>
        <value_map>
            <name>Win32_NetworkAdapter::NetConnectionStatus</name>
            <mappings>
                <mapping>
                    <value>0</value>
                    <newvalue>Disconnected</newvalue>
                </mapping>
                <mapping>
                    <value>1</value>
                    <newvalue>Connecting</newvalue>
                </mapping>
                <mapping>
                    <value>2</value>
                    <newvalue>Connected</newvalue>
                </mapping>
                <mapping>
                    <value>3</value>
                    <newvalue>Disconnecting</newvalue>
                </mapping>
                <mapping>
                    <value>4</value>
                    <newvalue>Hardware Not Present</newvalue>
                </mapping>
                <mapping>
                    <value>5</value>
                    <newvalue>Hardware Disabled</newvalue>
                </mapping>
                <mapping>
                    <value>6</value>
                    <newvalue>Hardware Malfunction</newvalue>
                </mapping>
                <mapping>
                    <value>7</value>
                    <newvalue>Media Disconnected</newvalue>
                </mapping>
                <mapping>
                    <value>8</value>
                    <newvalue>Authenticating</newvalue>
                </mapping>
                <mapping>
                    <value>9</value>
                    <newvalue>Authentication Succeeded</newvalue>
                </mapping>
                <mapping>
                    <value>10</value>
                    <newvalue>Authentication Failed</newvalue>
                </mapping>
                <mapping>
                    <value>11</value>
                    <newvalue>Invalid Address</newvalue>
                </mapping>
                <mapping>
                    <value>12</value>
                    <newvalue>Credentials Required</newvalue>
                </mapping>
            </mappings>
        </value_map>
        <value_map>
            <name>Windows service state</name>
            <mappings>
                <mapping>
                    <value>0</value>
                    <newvalue>Running</newvalue>
                </mapping>
                <mapping>
                    <value>1</value>
                    <newvalue>Paused</newvalue>
                </mapping>
                <mapping>
                    <value>2</value>
                    <newvalue>Start pending</newvalue>
                </mapping>
                <mapping>
                    <value>3</value>
                    <newvalue>Pause pending</newvalue>
                </mapping>
                <mapping>
                    <value>4</value>
                    <newvalue>Continue pending</newvalue>
                </mapping>
                <mapping>
                    <value>5</value>
                    <newvalue>Stop pending</newvalue>
                </mapping>
                <mapping>
                    <value>6</value>
                    <newvalue>Stopped</newvalue>
                </mapping>
                <mapping>
                    <value>7</value>
                    <newvalue>Unknown</newvalue>
                </mapping>
                <mapping>
                    <value>255</value>
                    <newvalue>No such service</newvalue>
                </mapping>
            </mappings>
        </value_map>
    </value_maps>
</zabbix_export>
