<?xml version="1.0" encoding="UTF-8"?>
<zabbix_export>
    <version>5.0</version>
    <date>2024-10-26T16:22:22Z</date>
    <value_maps>
        <value_map>
            <name>service.info.startup</name>
            <mappings>
                <mapping>
                    <value>0</value>
                    <newvalue>automatic</newvalue>
                </mapping>
                <mapping>
                    <value>1</value>
                    <newvalue>automatic delayed</newvalue>
                </mapping>
                <mapping>
                    <value>2</value>
                    <newvalue>manual</newvalue>
                </mapping>
                <mapping>
                    <value>3</value>
                    <newvalue>disabled</newvalue>
                </mapping>
                <mapping>
                    <value>4</value>
                    <newvalue>unknown</newvalue>
                </mapping>
                <mapping>
                    <value>5</value>
                    <newvalue>automatic trigger start</newvalue>
                </mapping>
                <mapping>
                    <value>6</value>
                    <newvalue>automatic delayed trigger start</newvalue>
                </mapping>
                <mapping>
                    <value>7</value>
                    <newvalue>manual trigger start</newvalue>
                </mapping>
            </mappings>
        </value_map>
        <value_map>
            <name>Win32_NetworkAdapter::AdapterTypeId</name>
            <mappings>
                <mapping>
                    <value>0</value>
                    <newvalue>Ethernet 802.3</newvalue>
                </mapping>
                <mapping>
                    <value>1</value>
                    <newvalue>Token Ring 802.5</newvalue>
                </mapping>
                <mapping>
                    <value>2</value>
                    <newvalue>Fiber Distributed Data Interface (FDDI)</newvalue>
                </mapping>
                <mapping>
                    <value>3</value>
                    <newvalue>Wide Area Network (WAN)</newvalue>
                </mapping>
                <mapping>
                    <value>4</value>
                    <newvalue>LocalTalk</newvalue>
                </mapping>
                <mapping>
                    <value>5</value>
                    <newvalue>Ethernet using DIX header format</newvalue>
                </mapping>
                <mapping>
                    <value>6</value>
                    <newvalue>ARCNET</newvalue>
                </mapping>
                <mapping>
                    <value>7</value>
                    <newvalue>ARCNET (878.2)</newvalue>
                </mapping>
                <mapping>
                    <value>8</value>
                    <newvalue>ATM</newvalue>
                </mapping>
                <mapping>
                    <value>9</value>
                    <newvalue>Wireless</newvalue>
                </mapping>
                <mapping>
                    <value>10</value>
                    <newvalue>Infrared Wireless</newvalue>
                </mapping>
                <mapping>
                    <value>11</value>
                    <newvalue>Bpc</newvalue>
                </mapping>
                <mapping>
                    <value>12</value>
                    <newvalue>CoWan</newvalue>
                </mapping>
                <mapping>
                    <value>13</value>
                    <newvalue>1394</newvalue>
                </mapping>
            </mappings>
        </value_map>
        <value_map>
            <name>Win32_NetworkAdapter::NetConnectionStatus</name>
            <mappings>
                <mapping>
                    <value>0</value>
                    <newvalue>Disconnected</newvalue>
                </mapping>
                <mapping>
                    <value>1</value>
                    <newvalue>Connecting</newvalue>
                </mapping>
                <mapping>
                    <value>2</value>
                    <newvalue>Connected</newvalue>
                </mapping>
                <mapping>
                    <value>3</value>
                    <newvalue>Disconnecting</newvalue>
                </mapping>
                <mapping>
                    <value>4</value>
                    <newvalue>Hardware Not Present</newvalue>
                </mapping>
                <mapping>
                    <value>5</value>
                    <newvalue>Hardware Disabled</newvalue>
                </mapping>
                <mapping>
                    <value>6</value>
                    <newvalue>Hardware Malfunction</newvalue>
                </mapping>
                <mapping>
                    <value>7</value>
                    <newvalue>Media Disconnected</newvalue>
                </mapping>
                <mapping>
                    <value>8</value>
                    <newvalue>Authenticating</newvalue>
                </mapping>
                <mapping>
                    <value>9</value>
                    <newvalue>Authentication Succeeded</newvalue>
                </mapping>
                <mapping>
                    <value>10</value>
                    <newvalue>Authentication Failed</newvalue>
                </mapping>
                <mapping>
                    <value>11</value>
                    <newvalue>Invalid Address</newvalue>
                </mapping>
                <mapping>
                    <value>12</value>
                    <newvalue>Credentials Required</newvalue>
                </mapping>
            </mappings>
        </value_map>
        <value_map>
            <name>Windows service state</name>
            <mappings>
                <mapping>
                    <value>0</value>
                    <newvalue>Running</newvalue>
                </mapping>
                <mapping>
                    <value>1</value>
                    <newvalue>Paused</newvalue>
                </mapping>
                <mapping>
                    <value>2</value>
                    <newvalue>Start pending</newvalue>
                </mapping>
                <mapping>
                    <value>3</value>
                    <newvalue>Pause pending</newvalue>
                </mapping>
                <mapping>
                    <value>4</value>
                    <newvalue>Continue pending</newvalue>
                </mapping>
                <mapping>
                    <value>5</value>
                    <newvalue>Stop pending</newvalue>
                </mapping>
                <mapping>
                    <value>6</value>
                    <newvalue>Stopped</newvalue>
                </mapping>
                <mapping>
                    <value>7</value>
                    <newvalue>Unknown</newvalue>
                </mapping>
                <mapping>
                    <value>255</value>
                    <newvalue>No such service</newvalue>
                </mapping>
            </mappings>
        </value_map>
    </value_maps>
</zabbix_export>
